{
    "type": "minecraft:disk",
    "config": {
      "state_provider": {
        "fallback": {
          "type": "minecraft:simple_state_provider",
          "state": {
            "Name": "minecraft:mud"
          }
        },
        "rules": []
      },
      "target": {
        "type": "minecraft:matching_blocks",
        "blocks": [
          "minecraft:grass_block",
          "minecraft:dirt",
          "minecraft:clay"
        ]
      },
      "radius": {
        "type": "minecraft:uniform",
        "value": {
          "min_inclusive": 3,
          "max_inclusive": 6
        }
      },
      "half_height": 1
    }
  }
  