{
    "replace": false,
    "values": [
        "minecraft:spruce_on_snow",
        {
            "id": "arboria:_placer/grove_spruce/1_snowy",
            "required": false
        },
        {
            "id": "arboria:_placer/grove_spruce/2_snowy",
            "required": false
        },
        {
            "id": "arboria:_placer/grove_spruce/3_snowy",
            "required": false
        },
        {
            "id": "arboria:_placer/grove_spruce/4_snowy",
            "required": false
        }
    ]
}