{
    "type": "minecraft:cache_once",
    "argument": {
        "type": "minecraft:range_choice",
        "input": "tectonic:overworld/noise/continents",
        "min_inclusive": 0.3,
        "max_exclusive": 2,
        "when_in_range": {
            "type": "minecraft:range_choice",
            "input": "minecraft:overworld/erosion",
            "min_inclusive": -0.25,
            "max_exclusive": 0.25,
            "when_in_range": {
                "type": "minecraft:range_choice",
                "input": "minecraft:y",
                "min_inclusive": -2048,
                "max_exclusive": 16,
                "when_in_range": 1,
                "when_out_of_range": 0
            },
            "when_out_of_range": 0
        },
        "when_out_of_range": 0
    }
}