{
    "type": "minecraft:disk",
    "config": {
        "state_provider": {
            "fallback": {
                "type": "minecraft:simple_state_provider",
                "state": {
                    "Name": "minecraft:podzol"
                }
            },
            "rules": []
        },
        "target": {
            "type": "minecraft:matching_blocks",
            "blocks": "minecraft:grass_block"
        },
        "radius": {
            "type": "minecraft:uniform",
            "value": {
                "min_inclusive": 1,
                "max_inclusive": 4
            }
        },
        "half_height": 2
    }
}