{
    "type": "minecraft:random_patch",
    "config": {
        "tries": 3,
        "xz_spread": 2,
        "y_spread": 0,
        "feature": {
            "feature": {
                "type": "minecraft:tree",
                "config": {
                    "ignore_vines": true,
                    "force_dirt": false,
                    "minimum_size": {
                        "type": "minecraft:two_layers_feature_size",
                        "min_clipped_height": 0,
                        "limit": 0,
                        "lower_size": 0,
                        "upper_size": 0
                    },
                    "dirt_provider": {
                        "type": "minecraft:simple_state_provider",
                        "state": {
                            "Name": "minecraft:air"
                        }
                    },
                    "trunk_provider": {
                        "type": "minecraft:simple_state_provider",
                        "state": {
                            "Name": "minecraft:oak_wood"
                        }
                    },
                    "foliage_provider": {
                        "type": "minecraft:weighted_state_provider",
                        "entries": [
                            {
                                "weight": 1,
                                "data": {
                                    "Name": "minecraft:oak_leaves",
                                    "Properties": {
                                        "distance": "7",
                                        "persistent": "false",
                                        "waterlogged": "false"
                                    }
                                }
                            }
                        ]
                    },
                    "trunk_placer": {
                        "type": "minecraft:straight_trunk_placer",
                        "base_height": 3,
                        "height_rand_a": 1,
                        "height_rand_b": 1
                    },
                    "foliage_placer": {
                        "type": "minecraft:jungle_foliage_placer",
                        "radius": 2,
                        "offset": 0,
                        "height": 3
                    },
                    "decorators": [
                        {
                            "type": "minecraft:attached_to_leaves",
                            "probability": 0.1667,
                            "exclusion_radius_xz": 0,
                            "exclusion_radius_y": 0,
                            "required_empty_blocks": 1,
                            "block_provider": {
                                "type": "minecraft:simple_state_provider",
                                "state": {
                                    "Name": "minecraft:oak_leaves",
                                    "Properties": {
                                        "distance": "7",
                                        "persistent": "false",
                                        "waterlogged": "false"
                                    }
                                }
                            },
                            "directions": [
                                "down"
                            ]
                        }
                    ]
                }
            },
            "placement": [
                {
                    "type": "minecraft:block_predicate_filter",
                    "predicate": {
                        "type": "minecraft:all_of",
                        "predicates": [
                            {
                                "type": "minecraft:any_of",
                                "predicates": [
                                    {
                                        "type": "minecraft:matching_blocks",
                                        "offset": [
                                            1,
                                            -1,
                                            0
                                        ],
                                        "blocks": "#minecraft:oak_logs"
                                    },
                                    {
                                        "type": "minecraft:matching_blocks",
                                        "offset": [
                                            0,
                                            -1,
                                            1
                                        ],
                                        "blocks": "#minecraft:oak_logs"
                                    },
                                    {
                                        "type": "minecraft:matching_blocks",
                                        "offset": [
                                            -1,
                                            -1,
                                            0
                                        ],
                                        "blocks": "#minecraft:oak_logs"
                                    },
                                    {
                                        "type": "minecraft:matching_blocks",
                                        "offset": [
                                            0,
                                            -1,
                                            -1
                                        ],
                                        "blocks": "#minecraft:oak_logs"
                                    }
                                ]
                            },
                            {
                                "type": "minecraft:matching_blocks",
                                "offset": [
                                    0,
                                    -2,
                                    0
                                ],
                                "blocks": "minecraft:air"
                            }
                        ]
                    }
                }
            ]
        }
    }
}