{
  "type": "minecraft:tree",
  "config": {
    "ignore_vines": true,
    "force_dirt": false,
    "minimum_size": {
      "type": "minecraft:two_layers_feature_size",
      "min_clipped_height": 0,
      "limit": 1,
      "lower_size": 0,
      "upper_size": 1
    },
    "dirt_provider": {
      "type": "minecraft:simple_state_provider",
      "state": {
        "Name": "minecraft:oak_log",
        "Properties": {
          "axis": "y"
        }
      }
    },
    "trunk_provider": {
      "type": "minecraft:simple_state_provider",
      "state": {
        "Name": "minecraft:oak_log",
        "Properties": {
          "axis": "y"
        }
      }
    },
    "foliage_provider": {
      "type": "minecraft:simple_state_provider",
      "state": {
        "Name": "minecraft:oak_wood",
        "Properties": {
          "axis": "y"
        }
      }
    },
    "root_placer": {
      "type": "minecraft:mangrove_root_placer",
      "root_provider": {
        "type": "minecraft:simple_state_provider",
        "state": {
          "Name": "minecraft:oak_wood",
          "Properties": {
            "axis": "y"
          }
        }
      },
      "trunk_offset_y": 0,
      "mangrove_root_placement": {
        "max_root_width": 1,
        "max_root_length": 5,
        "random_skew_chance": 0.33,
        "can_grow_through": [
          "minecraft:grass_block",
          "minecraft:grass",
          "minecraft:coarse_dirt",
          "minecraft:coarse_dirt"
        ],
        "muddy_roots_in": "minecraft:mud",
        "muddy_roots_provider": {
          "type": "minecraft:simple_state_provider",
          "state": {
            "Name": "minecraft:oak_wood",
            "Properties": {
              "axis": "y"
            }
          }
        }
      }
    },
    "trunk_placer": {
      "type": "minecraft:straight_trunk_placer",
      "base_height": 2,
      "height_rand_a": 2,
      "height_rand_b": 0
    },
    "foliage_placer": {
      "type": "minecraft:pine_foliage_placer",
      "radius": 0,
      "offset": 0,
      "height": 0
    },
    "decorators": []
  }
}